threshold , average , min , max , hits
0.99 , 0.375155639811902 , 0 , 1 , 749
0.98 , 0.239861336246394 , 0 , 1 , 1071
0.95 , 0.11695095654381 , 0 , 1 , 1341
