threshold , average , min , max , hits
0.99 , 0.51001355052819 , 0 , 1 , 941
0.98 , 0.364621112679954 , 0 , 1 , 1480
0.95 , 0.197793467646001 , 0 , 1 , 2223
