threshold , average , min , max , hits
0.99 , 0.127304895269218 , 0 , 0.999338234121606 , 254
0.98 , 0.0734363081096028 , 0 , 1 , 288
0.95 , 0.0388069555980776 , 0 , 1 , 378
