threshold , average , min , max , hits
0.99 , 0.273639980713262 , 0 , 0.999988040375692 , 588
0.98 , 0.157490257607601 , 0 , 1 , 728
0.95 , 0.0782532395967183 , 0 , 1 , 874
