threshold , average , min , max , hits
0.99 , 0.565329612462003 , 0 , 1 , 996
0.98 , 0.417034210026 , 0 , 1 , 1605
0.95 , 0.236476015329596 , 0 , 1 , 2579
