threshold , average , min , max , hits
0.99 , 0.974500829012933 , 0 , 1 , 1999
0.98 , 0.969864090351236 , 0 , 1 , 3998
0.95 , 0.964002973684899 , 0 , 1 , 9991
