threshold , average , min , max , hits
0.99 , 0.926542571623577 , 0 , 1 , 989
0.98 , 0.931371325226792 , 0 , 1 , 1984
0.95 , 0.931513621031249 , 0 , 1 , 4956
