threshold , average , min , max , hits
0.99 , 0.934755007144934 , 0 , 1 , 1993
0.98 , 0.927806810845922 , 0 , 1 , 3988
0.95 , 0.914474305649443 , 0 , 1 , 9949
