threshold , average , min , max , hits
0.99 , 0.177691227405989 , 0 , 1 , 1934
0.98 , 0.194650250948459 , 0 , 1 , 3887
0.95 , 0.235366125476271 , 0 , 1 , 9704
