threshold , average , min , max , hits
0.99 , 0.923358542503962 , 0 , 1 , 997
0.98 , 0.922558774494992 , 0 , 1 , 1989
0.95 , 0.905846018428864 , 0 , 1 , 4955
