threshold , average , min , max , hits
0.99 , 0.424310011983896 , 0 , 1.10485603461137 , 1268
0.98 , 0.427611737623077 , 0 , 1.21452020797009 , 2555
0.95 , 0.428072184346234 , 0 , 1.33189266521598 , 6387
