threshold , average , min , max , hits
0.99 , 0.917255396807579 , 0 , 1.15977211853238 , 915
0.98 , 0.923996925870532 , 0 , 1.15977211853238 , 1843
0.95 , 0.926267687109978 , 0 , 1.21413746630728 , 4616
