threshold , average , min , max , hits
0.99 , 0.192476012589723 , 0 , 1.02539838597354 , 96
0.98 , 0.18077413080121 , 0 , 1.10751595367525 , 180
0.95 , 0.199030062674429 , 0 , 1.17387747396243 , 495
