threshold , average , min , max , hits
0.99 , 0.287867924179528 , 0 , 1 , 1420
0.98 , 0.286790001064499 , 0 , 1 , 2789
0.95 , 0.248539315762321 , 0 , 1 , 6099
