threshold , average , min , max , hits
0.99 , 0.891074717178504 , 0 , 1 , 1952
0.98 , 0.887497320105902 , 0 , 1 , 3907
0.95 , 0.890893557022642 , 0 , 1 , 9762
