threshold , average , min , max , hits
0.99 , 0.303607574144542 , 0 , 1 , 980
0.98 , 0.320323196769079 , 0 , 1 , 1958
0.95 , 0.365344833652525 , 0 , 1 , 4904
