threshold , average , min , max , hits
0.99 , 0.991048645957831 , 0.813888818666734 , 1 , 400
0.9 , 0.980902018198162 , 0 , 1 , 3997
0.8 , 0.963489130396613 , 0 , 1 , 7947
0.7 , 0.937883067712448 , 0 , 1 , 11768
0.5 , 0.871880584504546 , 0 , 1 , 18554
0.3 , 0.793880747302473 , 0 , 1 , 23887
