threshold , average , min , max , hits
0.99 , 0.977066360960103 , 0.418763155257091 , 1 , 100
0.9 , 0.950176666430546 , 0 , 1 , 997
0.8 , 0.92728204146292 , 0 , 1 , 1971
0.7 , 0.893356265087095 , 0 , 1 , 2898
0.5 , 0.806754636948067 , 0 , 1 , 4455
0.3 , 0.716391421676006 , 0 , 1 , 5579
