threshold , average , min , max , hits
0.99 , 0.280910481741919 , 0 , 1 , 795
0.98 , 0.284971728397849 , 0 , 1 , 1574
0.95 , 0.277584845865607 , 0 , 1 , 3950
