threshold , average , min , max , hits
0.99 , 0.437292151861085 , 0 , 1 , 860
0.98 , 0.434093687453049 , 0 , 1 , 1703
0.95 , 0.435037241647103 , 0 , 1 , 4270
