threshold , average , min , max , hits
0.99 , 0.0421862890573578 , 0 , 1 , 1721
0.98 , 0.0458497720470991 , 0 , 1 , 3441
0.95 , 0.0538107944654402 , 0 , 1 , 8617
