threshold , average , min , max , hits
0.99 , 0.990668350450885 , 0 , 1.00948503969062 , 495
0.98 , 0.990724251742312 , 0 , 1.01011577192702 , 990
0.95 , 0.991191459737648 , 0 , 1.01547297297297 , 2476
