threshold , average , min , max , hits
0.99 , 0.963887818552553 , 0 , 1 , 2977
0.98 , 0.961747130708935 , 0 , 1 , 5961
0.95 , 0.961853744378238 , 0 , 1 , 14908
