threshold , average , min , max , hits
0.99 , 0.998176501183716 , 0.635380098950956 , 1 , 500
0.98 , 0.998615929383638 , 0.635380098950956 , 1 , 1000
0.95 , 0.998189737002631 , 0.511380383166858 , 1 , 2500
