threshold , average , min , max , hits
0.99 , 0.999533461744137 , 0.8828555116023 , 1 , 500
0.98 , 0.999728478053335 , 0.8828555116023 , 1 , 1000
0.95 , 0.999744077114916 , 0.869807510416933 , 1 , 2500
