threshold , average , min , max , hits
0.99 , 0.969967639361786 , 0.297901370931064 , 1 , 1000
0.98 , 0.970108717315216 , 0.161594110338261 , 1 , 2000
0.95 , 0.962871911215815 , 0 , 1 , 4996
