threshold , average , min , max , hits
0.99 , 0.478151075874197 , 0 , 1.09993172268908 , 953
0.98 , 0.46954121352192 , 0 , 1.11895518235621 , 1871
0.95 , 0.465571609026792 , 0 , 1.17058336853964 , 4634
