threshold , average , min , max , hits
0.99 , 0.966129215181777 , 0.20209444318255 , 1 , 3000
0.98 , 0.96389306914526 , 0.109139165902305 , 1 , 6000
0.95 , 0.955237443870199 , 0 , 1 , 14992
