threshold , average , min , max , hits
0.99 , 0.978220597933907 , 0.251159297584339 , 1 , 3000
0.98 , 0.97698112249497 , 0.174574640676336 , 1 , 6000
0.95 , 0.970920481076986 , 0 , 1 , 14994
