threshold , average , min , max , hits
0.99 , 0.988761220915227 , 0.541720597117957 , 1 , 1000
0.98 , 0.989084022203695 , 0.435539410003668 , 1 , 2000
0.95 , 0.987064458354801 , 0.263762929223094 , 1 , 5000
