threshold , average , min , max , hits
0.99 , 0.116107940082065 , 0 , 0.995197839027562 , 45
0.9 , 0.0925160678892304 , 0 , 0.998962845463974 , 325
0.8 , 0.0656370529992891 , 0 , 0.998962845463974 , 461
0.7 , 0.0481000432601607 , 0 , 0.998962845463974 , 511
0.5 , 0.0301919409960922 , 0 , 0.998962845463974 , 543
0.3 , 0.0217488947691971 , 0 , 0.998962845463974 , 547
