threshold , average , min , max , hits
0.99 , 0.146180066937986 , 0 , 0.999833716132653 , 508
0.98 , 0.140299291174544 , 0 , 0.999833716132653 , 972
0.95 , 0.124257797624095 , 0 , 0.999850041900057 , 2157
