threshold , average , min , max , hits
0.99 , 0.599401660532008 , 0 , 1 , 169
0.9 , 0.47232803396324 , 0 , 1 , 1421
0.8 , 0.371576728604527 , 0 , 1 , 2242
0.7 , 0.295983473407638 , 0 , 1 , 2707
0.5 , 0.197678711250428 , 0 , 1 , 3037
0.3 , 0.144969000932866 , 0 , 1 , 3122
