threshold , average , min , max , hits
0.99 , 0.59005288049103 , 0 , 1.02812568830286 , 1766
0.98 , 0.592440381349364 , 0 , 1.02990945372193 , 3546
0.95 , 0.60069113695179 , 0 , 1.04245989648632 , 8984
