threshold , average , min , max , hits
0.99 , 0.34477252430571 , 0 , 1 , 1798
0.98 , 0.34620477796459 , 0 , 1 , 3608
0.95 , 0.346917256702534 , 0 , 1 , 8983
