threshold , average , min , max , hits
0.99 , 0.860574981692406 , 0 , 1 , 1284
0.98 , 0.745469383372719 , 0 , 1 , 2373
0.95 , 0.571834505724145 , 0 , 1 , 4940
