threshold , average , min , max , hits
0.99 , 0.182876703867704 , 0 , 1 , 484
0.98 , 0.186002722844147 , 0 , 1 , 968
0.95 , 0.211888431189716 , 0 , 1 , 2400
