threshold , average , min , max , hits
0.99 , 0.433658090813474 , 0 , 1 , 326
0.98 , 0.436480285038219 , 0 , 1 , 656
0.95 , 0.384984106067461 , 0 , 1 , 1454
