threshold , average , min , max , hits
0.99 , 0.540700108822879 , 0 , 1 , 1784
0.98 , 0.535926895034923 , 0 , 1 , 3563
0.95 , 0.533431637192384 , 0 , 1 , 8888
