threshold , average , min , max , hits
0.99 , 1 , 1 , 1 , 200
0.9 , 0.99999986945456 , 0.999739039665971 , 1 , 1999
0.8 , 0.999999257413486 , 0.998126639190708 , 1 , 3999
0.7 , 0.999999505066088 , 0.998126639190708 , 1 , 6000
0.5 , 0.999999703039653 , 0.998126639190708 , 1 , 10000
0.3 , 0.999921356512917 , 0 , 1 , 13999
