threshold , average , min , max , hits
0.99 , 0.267623615064541 , 0 , 1 , 1756
0.98 , 0.270686586724753 , 0 , 1 , 3523
0.95 , 0.270404983211519 , 0 , 1 , 8756
