threshold , average , min , max , hits
0.99 , 0.813803202786223 , 0 , 1 , 480
0.98 , 0.813834638595736 , 0 , 1 , 959
0.95 , 0.811534609541426 , 0 , 1 , 2382
