threshold , average , min , max , hits
0.99 , 0.935236275603668 , 0 , 1.01433970186857 , 934
0.98 , 0.938304419652694 , 0 , 1.01567055830864 , 1874
0.95 , 0.940556895987324 , 0 , 1.02269656356133 , 4695
