threshold , average , min , max , hits
0.99 , 0.833119286351549 , 0 , 1 , 988
0.98 , 0.828029877475051 , 0 , 1 , 1969
0.95 , 0.797918417738784 , 0 , 1 , 4846
