threshold , average , min , max , hits
0.99 , 0.793315890254899 , 0 , 1 , 1910
0.98 , 0.789477605462389 , 0 , 1 , 3818
0.95 , 0.789572956856126 , 0 , 1 , 9556
