threshold , average , min , max , hits
0.99 , 0.985152979819153 , 0.613035046405319 , 1 , 300
0.9 , 0.975998799015057 , 0 , 1 , 2994
0.8 , 0.957738304291493 , 0 , 1 , 5950
0.7 , 0.925569754421303 , 0 , 1 , 8774
0.5 , 0.853213965014133 , 0 , 1 , 13741
0.3 , 0.773609126423023 , 0 , 1 , 17601
