threshold , average , min , max , hits
0.99 , 0.203433776507671 , 0 , 1.0412819150114 , 406
0.98 , 0.211576351645886 , 0 , 1.07414569650988 , 844
0.95 , 0.212523851821306 , 0 , 1.1768924481365 , 2116
