threshold , average , min , max , hits
0.99 , 0.020075708910005 , 0 , 1.03101751047518 , 60
0.98 , 0.0230993622522777 , 0 , 1.03625385223315 , 138
0.95 , 0.0235027546043986 , 0 , 1.05499142968666 , 351
