threshold , average , min , max , hits
0.99 , 0.0272124917883507 , 0 , 1 , 1661
0.98 , 0.0296985541615841 , 0 , 1 , 3306
0.95 , 0.0348115442820655 , 0 , 1 , 8258
