threshold , average , min , max , hits
0.99 , 0.675575137137303 , 0 , 1 , 2881
0.98 , 0.67125789149567 , 0 , 1 , 5763
0.95 , 0.667126995283175 , 0 , 1 , 14407
