threshold , average , min , max , hits
0.99 , 0.660270162834473 , 0 , 1 , 1813
0.98 , 0.647726533305342 , 0 , 1 , 3533
0.95 , 0.608987675697454 , 0 , 1 , 8433
