threshold , average , min , max , hits
0.99 , 0.719532947395389 , 0 , 1.02257310651471 , 2154
0.98 , 0.716259566001382 , 0 , 1.02864030817244 , 4288
0.95 , 0.719644376378787 , 0 , 1.04240888932934 , 10766
