threshold , average , min , max , hits
0.99 , 0.44842809757075 , 0 , 1.02794889992903 , 1342
0.98 , 0.450831912821134 , 0 , 1.03332101453351 , 2698
0.95 , 0.454393590529053 , 0 , 1.05180187341418 , 6795
