threshold , average , min , max , hits
0.99 , 0.109276669270112 , 0 , 1.04656443996392 , 109
0.98 , 0.105238880565702 , 0 , 1.04656443996392 , 210
0.95 , 0.100959947234406 , 0 , 1.07963431462741 , 503
