threshold , average , min , max , hits
0.99 , 0.893569041509851 , 0 , 1 , 99
0.9 , 0.844482093646303 , 0 , 1 , 972
0.8 , 0.768378164723751 , 0 , 1 , 1837
0.7 , 0.688852730214869 , 0 , 1 , 2529
0.5 , 0.558367177185401 , 0 , 1 , 3441
0.3 , 0.461413459682728 , 0 , 1 , 3980
