threshold , average , min , max , hits
0.99 , 0.317826691198922 , 0 , 1.03051946604863 , 634
0.98 , 0.313867653201798 , 0 , 1.03221941233141 , 1252
0.95 , 0.312218606452693 , 0 , 1.04503383094309 , 3112
