threshold , average , min , max , hits
0.99 , 0.186825765599012 , 0 , 1 , 2927
0.98 , 0.195930214496257 , 0 , 1 , 5845
0.95 , 0.238170009832113 , 0 , 1 , 14609
