threshold , average , min , max , hits
0.99 , 0.947299445148424 , 0.352656901528921 , 1 , 500
0.98 , 0.943756587808507 , 0 , 1 , 999
0.95 , 0.935168303889037 , 0 , 1 , 2496
