threshold , average , min , max , hits
0.99 , 0.455167817459724 , 0 , 1 , 901
0.98 , 0.45253867195052 , 0 , 1 , 1821
0.95 , 0.458732231874095 , 0 , 1 , 4580
