threshold , average , min , max , hits
0.99 , 0.431619501269533 , 0 , 1.07108682246369 , 430
0.98 , 0.426967865319276 , 0 , 1.07108682246369 , 851
0.95 , 0.416478529341921 , 0 , 1.25122964353373 , 2073
