threshold , average , min , max , hits
0.99 , 0.470618167689749 , 0 , 1 , 2985
0.98 , 0.49422148047667 , 0 , 1 , 5969
0.95 , 0.535372115578387 , 0 , 1 , 14939
