threshold , average , min , max , hits
0.99 , 0.806823344564734 , 0 , 1.01911462998815 , 2416
0.98 , 0.805093787102951 , 0 , 1.0252133354309 , 4821
0.95 , 0.814848837066038 , 0 , 1.03740430592374 , 12193
