threshold , average , min , max , hits
0.99 , 0.760841965266806 , 0 , 1 , 1942
0.98 , 0.761292744432873 , 0 , 1 , 3889
0.95 , 0.757822717047171 , 0 , 1 , 9706
