threshold , average , min , max , hits
0.99 , 0.960604648621915 , 0.315382485141555 , 1 , 500
0.98 , 0.958834207799842 , 0 , 1 , 999
0.95 , 0.946096226786016 , 0 , 1 , 2494
