threshold , average , min , max , hits
0.99 , 0.06288335741876 , 0 , 1 , 1805
0.98 , 0.0704279051021072 , 0 , 1 , 3610
0.95 , 0.084516864854254 , 0 , 1 , 9025
