threshold , average , min , max , hits
0.99 , 0.351030400303147 , 0 , 1 , 486
0.98 , 0.342276228783132 , 0 , 1 , 977
0.95 , 0.387162166860285 , 0 , 1 , 2450
