threshold , average , min , max , hits
0.99 , 0.919998656867944 , 0.182939515529796 , 1 , 500
0.9 , 0.877171633336264 , 0 , 1 , 4935
0.8 , 0.792767750845193 , 0 , 1 , 9354
0.7 , 0.696931669057777 , 0 , 1 , 12753
0.5 , 0.526890646890877 , 0 , 1 , 16520
0.3 , 0.410771488271937 , 0 , 1 , 18106
