threshold , average , min , max , hits
0.99 , 0.013055184821809 , 0 , 1.04125380198465 , 39
0.98 , 0.0132404557176227 , 0 , 1.08637580043964 , 79
0.95 , 0.0129350162335776 , 0 , 1.08637580043964 , 193
