threshold , average , min , max , hits
0.99 , 0.0205576415755118 , 0 , 1.07104376538123 , 41
0.98 , 0.0193251924178684 , 0 , 1.07104376538123 , 77
0.95 , 0.0219930528180159 , 0 , 1.12462956595773 , 219
