threshold , average , min , max , hits
0.99 , 0.8998348884466 , 0 , 1 , 2994
0.98 , 0.898221055407942 , 0 , 1 , 5976
0.95 , 0.875824253548436 , 0 , 1 , 14863
