threshold , average , min , max , hits
0.99 , 0.196891931522069 , 0 , 1.03204192793366 , 589
0.98 , 0.200061135646387 , 0 , 1.03987788752216 , 1197
0.95 , 0.205475542028688 , 0 , 1.05879766122439 , 3072
