threshold , average , min , max , hits
0.99 , 0.973574086826929 , 0.241084929611258 , 1 , 2000
0.98 , 0.972051512375923 , 0.19483860668169 , 1 , 4000
0.95 , 0.967509527755463 , 0 , 1 , 9995
