threshold , average , min , max , hits
0.99 , 0.210197103023887 , 0 , 1 , 1930
0.98 , 0.226750689362055 , 0 , 1 , 3855
0.95 , 0.26316991777436 , 0 , 1 , 9644
