threshold , average , min , max , hits
0.99 , 0.116311711794296 , 0 , 1 , 696
0.98 , 0.108780223212597 , 0 , 1 , 1375
0.95 , 0.103737338394881 , 0 , 1 , 3417
