threshold , average , min , max , hits
0.99 , 0.999993974522479 , 0.999233380790713 , 1 , 200
0.9 , 0.999992004177352 , 0.990941818604111 , 1 , 1999
0.8 , 0.999980977772598 , 0.951843895452918 , 1 , 3999
0.7 , 0.999961008802315 , 0.878466969238528 , 1 , 6000
0.5 , 0.999570656859394 , 0.0469798657718121 , 1 , 10000
0.3 , 0.998472077051922 , 0 , 1 , 13987
