threshold , average , min , max , hits
0.99 , 0.0597117819248985 , 0 , 1 , 2702
0.98 , 0.0636117057398941 , 0 , 1 , 5413
0.95 , 0.0793568729730726 , 0 , 1 , 13514
