threshold , average , min , max , hits
0.99 , 0.702121354912141 , 0 , 1 , 2799
0.98 , 0.690373044071603 , 0 , 1 , 5522
0.95 , 0.64166937026185 , 0 , 1 , 13096
