threshold , average , min , max , hits
0.99 , 0.63835657364688 , 0 , 1.02717797224235 , 1274
0.98 , 0.637711613934333 , 0 , 1.03037871710296 , 2545
0.95 , 0.645114499121318 , 0 , 1.04484090929949 , 6433
