threshold , average , min , max , hits
0.99 , 0.223429849607115 , 0 , 0.999989847148826 , 725
0.98 , 0.210804472410592 , 0 , 0.999989847148826 , 1388
0.95 , 0.182044523886367 , 0 , 1 , 3053
