threshold , average , min , max , hits
0.99 , 0.988844250608619 , 0.17004048582996 , 1 , 1000
0.98 , 0.989504198818029 , 0.17004048582996 , 1 , 2000
0.95 , 0.988717814377234 , 0 , 1 , 4998
