threshold , average , min , max , hits
0.99 , 0.999998856394837 , 0.999791984468174 , 1 , 300
0.9 , 0.999792757278959 , 0.807785888077859 , 1 , 2999
0.8 , 0.999808844240781 , 0.782827535159141 , 1 , 5999
0.7 , 0.999680758650597 , 0.338588074023304 , 1 , 9000
0.5 , 0.999078399033648 , 0 , 1 , 14995
0.3 , 0.997852876183537 , 0 , 1 , 20977
