threshold , average , min , max , hits
0.99 , 0.965961245907703 , 0.0127101525839833 , 1 , 1000
0.98 , 0.96749783229391 , 0.0127101525839833 , 1 , 2000
0.95 , 0.96015025982318 , 0 , 1 , 4995
