threshold , average , min , max , hits
0.99 , 1.00007098897798 , 1 , 1.00175045796865 , 500
0.98 , 1.00007484128015 , 1 , 1.00213198472904 , 1000
0.95 , 1.00008534533171 , 1 , 1.00273722627737 , 2500
