threshold , average , min , max , hits
0.99 , 0.999952092089285 , 0.99669107675617 , 1 , 200
0.9 , 0.999413327395949 , 0.533537706928265 , 1 , 1999
0.8 , 0.999274049791383 , 0.533537706928265 , 1 , 3999
0.7 , 0.998851894387173 , 0.500408830744072 , 1 , 6000
0.5 , 0.994972735833782 , 0 , 1 , 9979
0.3 , 0.988495078084273 , 0 , 1 , 13912
