threshold , average , min , max , hits
0.99 , 0.0153712830754667 , 0 , 1 , 1428
0.98 , 0.0163292674164744 , 0 , 1 , 2870
0.95 , 0.0187089813499151 , 0 , 1 , 7220
