threshold , average , min , max , hits
0.99 , 0.245661620118699 , 0 , 0.995805808954598 , 45
0.9 , 0.175200551302447 , 0 , 0.995805808954598 , 311
0.8 , 0.126144310091939 , 0 , 0.995805808954598 , 440
0.7 , 0.0962384248772675 , 0 , 0.996491228070175 , 501
0.5 , 0.0621818675867871 , 0 , 0.997663551401869 , 544
0.3 , 0.0445635170456024 , 0 , 0.997663551401869 , 547
