threshold , average , min , max , hits
0.99 , 0.992172126342497 , 0.558342012080816 , 1 , 500
0.98 , 0.991921965048402 , 0.429733526692649 , 1 , 1000
0.95 , 0.990741112695576 , 0 , 1 , 2499
