threshold , average , min , max , hits
0.99 , 0.51012900500923 , 0 , 1 , 2811
0.98 , 0.499668978148554 , 0 , 1 , 5598
0.95 , 0.498347568242974 , 0 , 1 , 14001
