threshold , average , min , max , hits
0.99 , 0.647541997396617 , 0 , 1 , 1859
0.98 , 0.648851959894199 , 0 , 1 , 3705
0.95 , 0.651446920623809 , 0 , 1 , 9242
