threshold , average , min , max , hits
0.99 , 0.921102046713374 , 0.117052511237561 , 1 , 400
0.9 , 0.863784687312257 , 0 , 1 , 3912
0.8 , 0.788997348518554 , 0 , 1 , 7359
0.7 , 0.707217696131085 , 0 , 1 , 10076
0.5 , 0.565364767991825 , 0 , 1 , 13562
0.3 , 0.466755803460452 , 0 , 1 , 15655
