threshold , average , min , max , hits
0.99 , 0.132842920161953 , 0 , 1.07184325649682 , 397
0.98 , 0.138384619948532 , 0 , 1.07184325649682 , 827
0.95 , 0.135719170479198 , 0 , 1.27955099899667 , 2026
