threshold , average , min , max , hits
0.99 , 0.439042667775203 , 0 , 1.02929425944112 , 876
0.98 , 0.441543225712719 , 0 , 1.03239311127656 , 1762
0.95 , 0.448326021636356 , 0 , 1.04860050890585 , 4470
