threshold , average , min , max , hits
0.99 , 0.996367567553629 , 0.572713961335229 , 1 , 500
0.98 , 0.996352700807624 , 0.388308366824991 , 1 , 1000
0.95 , 0.99674932907876 , 0.388308366824991 , 1 , 2500
