threshold , average , min , max , hits
0.99 , 0.989757692623932 , 0.537042204394838 , 1 , 300
0.9 , 0.984485818442538 , 0.253175403225806 , 1 , 2999
0.8 , 0.970308188014886 , 0 , 1 , 5975
0.7 , 0.945929511928673 , 0 , 1 , 8874
0.5 , 0.872421763033137 , 0 , 1 , 14005
0.3 , 0.784449589041742 , 0 , 1 , 17919
