threshold , average , min , max , hits
0.99 , 0.154214648967212 , 0 , 1.02268343815514 , 77
0.98 , 0.155383249526538 , 0 , 1.03724339506314 , 155
0.95 , 0.148774048826297 , 0 , 1.04499174463401 , 371
