threshold , average , min , max , hits
0.99 , 0.879224738644894 , 0 , 1 , 497
0.98 , 0.878123300018885 , 0 , 1 , 994
0.95 , 0.858479908004883 , 0 , 1 , 2467
