threshold , average , min , max , hits
0.99 , 0.982276637041687 , 0 , 1 , 499
0.98 , 0.983199136596177 , 0 , 1 , 999
0.95 , 0.981543031096959 , 0 , 1 , 2499
