threshold , average , min , max , hits
0.99 , 0.950700301004525 , 0.309521384928717 , 1 , 400
0.9 , 0.921194391849387 , 0 , 1 , 3981
0.8 , 0.857278068848891 , 0 , 1 , 7702
0.7 , 0.781113913613314 , 0 , 1 , 10825
0.5 , 0.625355241034012 , 0 , 1 , 14950
0.3 , 0.505891468478503 , 0 , 1 , 17068
