threshold , average , min , max , hits
0.99 , 0.389408002627782 , 0 , 1 , 608
0.98 , 0.376038441785933 , 0 , 1 , 1189
0.95 , 0.334293474252437 , 0 , 1 , 2636
