threshold , average , min , max , hits
0.99 , 0.983222688903815 , 0.218869668559356 , 1 , 1000
0.98 , 0.983217097248474 , 0.170676384189194 , 1 , 2000
0.95 , 0.981157482780489 , 0 , 1 , 4999
