threshold , average , min , max , hits
0.99 , 0.985725101906149 , 0.448384541580204 , 1 , 2000
0.98 , 0.984637683114819 , 0 , 1 , 3999
0.95 , 0.981535528995981 , 0 , 1 , 9999
