threshold , average , min , max , hits
0.99 , 0.286542784492504 , 0 , 1 , 233
0.9 , 0.21722453370806 , 0 , 1 , 1795
0.8 , 0.158966524840104 , 0 , 1 , 2652
0.7 , 0.119357044255289 , 0 , 1 , 3011
0.5 , 0.0757292131893655 , 0 , 1 , 3204
0.3 , 0.0545465437273168 , 0 , 1 , 3232
