threshold , average , min , max , hits
0.99 , 0.315481343336638 , 0 , 1 , 2981
0.98 , 0.320127057147896 , 0 , 1 , 5952
0.95 , 0.366658660271053 , 0 , 1 , 14867
