threshold , average , min , max , hits
0.99 , 0.0722363269274384 , 0 , 1.0371383980826 , 144
0.98 , 0.0774859980762632 , 0 , 1.0371383980826 , 309
0.95 , 0.0767788757595705 , 0 , 1.05501261328599 , 765
