threshold , average , min , max , hits
0.99 , 0.956203251729508 , 0.50254250346705 , 1 , 200
0.9 , 0.928034549220894 , 0 , 1 , 1990
0.8 , 0.885645256881477 , 0 , 1 , 3906
0.7 , 0.821483018589379 , 0 , 1 , 5608
0.5 , 0.680219137668014 , 0 , 1 , 8006
0.3 , 0.560836034901644 , 0 , 1 , 9348
