threshold , average , min , max , hits
0.99 , 0.658798905720042 , 0 , 1 , 448
0.98 , 0.664798508445531 , 0 , 1 , 890
0.95 , 0.618541848218581 , 0 , 1 , 2139
