threshold , average , min , max , hits
0.99 , 0.608756236516464 , 0 , 1 , 1999
0.98 , 0.627554668871018 , 0 , 1 , 3996
0.95 , 0.661966144357415 , 0 , 1 , 9995
