threshold , average , min , max , hits
0.99 , 0.277312628007801 , 0 , 0.999280041888472 , 242
0.9 , 0.187505432924347 , 0 , 0.999825195198695 , 1657
0.8 , 0.133701616766599 , 0 , 0.999825195198695 , 2379
0.7 , 0.0990493566951063 , 0 , 0.999825195198695 , 2646
0.5 , 0.0621750639570289 , 0 , 0.999825195198695 , 2783
0.3 , 0.0445845353954378 , 0 , 0.999825195198695 , 2793
