threshold , average , min , max , hits
0.99 , 0.527984519320847 , 0 , 1.13046198536395 , 1578
0.98 , 0.538333509755626 , 0 , 1.19807737397421 , 3217
0.95 , 0.538098750468959 , 0 , 1.31491549607616 , 8030
