threshold , average , min , max , hits
0.99 , 0.434980638051238 , 0 , 1 , 1831
0.98 , 0.436702107089382 , 0 , 1 , 3672
0.95 , 0.438879453691379 , 0 , 1 , 9162
