threshold , average , min , max , hits
0.99 , 0.648960502878239 , 0 , 1 , 2999
0.98 , 0.671251885032681 , 0 , 1 , 5999
0.95 , 0.698127701784235 , 0 , 1 , 14998
