threshold , average , min , max , hits
0.99 , 0.12983442254677 , 0 , 1 , 2803
0.98 , 0.137615360895984 , 0 , 1 , 5642
0.95 , 0.165653171084169 , 0 , 1 , 14147
