threshold , average , min , max , hits
0.99 , 0.988231005473622 , 0 , 1.13475192381276 , 987
0.98 , 0.991348238857555 , 0 , 1.13475192381276 , 1980
0.95 , 0.995341123518851 , 0 , 1.18191374663073 , 4968
