threshold , average , min , max , hits
0.99 , 0.822025237294047 , 0 , 1 , 1978
0.98 , 0.80464799518745 , 0 , 1 , 3924
0.95 , 0.76378283965656 , 0 , 1 , 9525
