threshold , average , min , max , hits
0.99 , 0.999910537307641 , 0.992899533700721 , 1 , 100
0.9 , 0.999760809741552 , 0.951574669827294 , 1 , 999
0.8 , 0.999050983110558 , 0.434897206114918 , 1 , 1999
0.7 , 0.998392162915909 , 0.27421875 , 1 , 3000
0.5 , 0.993369773696586 , 0 , 1 , 4989
0.3 , 0.987566037770703 , 0 , 1 , 6959
