threshold , average , min , max , hits
0.99 , 0.307146981621528 , 0 , 1.09376154765786 , 612
0.98 , 0.312198618589761 , 0 , 1.09376154765786 , 1244
0.95 , 0.313649023743189 , 0 , 1.31384215005892 , 3122
