threshold , average , min , max , hits
0.99 , 0.83493947134027 , 0 , 1 , 2956
0.98 , 0.830403238360861 , 0 , 1 , 5899
0.95 , 0.831254539351873 , 0 , 1 , 14749
