threshold , average , min , max , hits
0.99 , 0.0230544472820508 , 0 , 1 , 2425
0.98 , 0.0245880322829235 , 0 , 1 , 4801
0.95 , 0.0296029413457654 , 0 , 1 , 11971
