threshold , average , min , max , hits
0.99 , 0.997604373651443 , 0.706302299130717 , 1 , 1000
0.98 , 0.998203397658566 , 0.706302299130717 , 1 , 2000
0.95 , 0.998071876950283 , 0.20394541679027 , 1 , 5000
