threshold , average , min , max , hits
0.99 , 0.0552423666558969 , 0 , 1.13548576398713 , 55
0.98 , 0.045137294415819 , 0 , 1.13548576398713 , 90
0.95 , 0.0433372848667207 , 0 , 1.13548576398713 , 216
