threshold , average , min , max , hits
0.99 , 0.993458771257484 , 0.537983903462099 , 1 , 1000
0.98 , 0.994118541759977 , 0.537983903462099 , 1 , 2000
0.95 , 0.99394851165096 , 0.382780025494652 , 1 , 5000
