threshold , average , min , max , hits
0.99 , 0.901301285517141 , 0 , 1.01736210054956 , 450
0.98 , 0.909484079041046 , 0 , 1.01911264357317 , 908
0.95 , 0.900451944306024 , 0 , 1.02704576976422 , 2247
