threshold , average , min , max , hits
0.99 , 0.900054553419684 , 0 , 1 , 1995
0.98 , 0.889377068029146 , 0 , 1 , 3983
0.95 , 0.864787734098161 , 0 , 1 , 9879
