threshold , average , min , max , hits
0.99 , 0.997106064133883 , 0 , 1.09966673609665 , 498
0.98 , 0.998028418044735 , 0 , 1.09966673609665 , 997
0.95 , 0.99950766252162 , 0 , 1.18989295013984 , 2496
