threshold , average , min , max , hits
0.99 , 1 , 1 , 1 , 300
0.9 , 0.999991129958407 , 0.989553656220323 , 1 , 2999
0.8 , 0.999991978984964 , 0.986992715920916 , 1 , 5999
0.7 , 0.999968157169908 , 0.822357498616491 , 1 , 9000
0.5 , 0.999806021909366 , 0.0686695278969957 , 1 , 15000
0.3 , 0.999566819892445 , 0 , 1 , 20997
