threshold , average , min , max , hits
0.99 , 1.00018319004962 , 1 , 1.00351347898301 , 1000
0.98 , 1.00019137223708 , 1 , 1.00355471220746 , 2000
0.95 , 1.0002249225263 , 1 , 1.00506611555133 , 5000
