threshold , average , min , max , hits
0.99 , 0.306112794451294 , 0 , 1.10228503088932 , 915
0.98 , 0.31093866183809 , 0 , 1.10228503088932 , 1859
0.95 , 0.321540035502805 , 0 , 1.26560784675839 , 4799
