threshold , average , min , max , hits
0.99 , 0.999552600316006 , 0.948797844966227 , 1 , 500
0.98 , 0.999529888289418 , 0.910586984364805 , 1 , 1000
0.95 , 0.999273309792346 , 0.774671749258789 , 1 , 2500
