threshold , average , min , max , hits
0.99 , 0.071195706941576 , 0 , 1.02505057109581 , 71
0.98 , 0.071769883143178 , 0 , 1.03238169928027 , 143
0.95 , 0.066406608279213 , 0 , 1.03238169928027 , 331
