threshold , average , min , max , hits
0.99 , 0.78139961117597 , 0 , 1.02328744217156 , 1560
0.98 , 0.789305885948523 , 0 , 1.02328744217156 , 3151
0.95 , 0.79100155337344 , 0 , 1.03510204081633 , 7891
