threshold , average , min , max , hits
0.99 , 0.998865661194995 , 0.887369095960675 , 1 , 100
0.9 , 0.999138885194725 , 0.667138559546983 , 1 , 999
0.8 , 0.999001918422752 , 0.654343807763401 , 1 , 1999
0.7 , 0.998407649800114 , 0 , 1 , 2998
0.5 , 0.997356210609747 , 0 , 1 , 4994
0.3 , 0.993215827499119 , 0 , 1 , 6974
