threshold , average , min , max , hits
0.99 , 0.972753458439112 , 0.708784725946584 , 1 , 100
0.9 , 0.92948755671828 , 0 , 1 , 995
0.8 , 0.881237215057863 , 0 , 1 , 1958
0.7 , 0.811281346169601 , 0 , 1 , 2794
0.5 , 0.672586966252747 , 0 , 1 , 3994
0.3 , 0.55429791493272 , 0 , 1 , 4679
