threshold , average , min , max , hits
0.99 , 0.823915271742972 , 0 , 1.08493697478992 , 1643
0.98 , 0.822757016689482 , 0 , 1.11979767783601 , 3280
0.95 , 0.826326693527817 , 0 , 1.28662582950485 , 8229
