threshold , average , min , max , hits
0.99 , 0.702899494678174 , 0 , 1.14519208577243 , 350
0.98 , 0.69772295436373 , 0 , 1.14519208577243 , 695
0.95 , 0.720343458560221 , 0 , 1.28176937666763 , 1793
