threshold , average , min , max , hits
0.99 , 0.102610818423427 , 0 , 1 , 1883
0.98 , 0.112953652244933 , 0 , 1 , 3765
0.95 , 0.134366879013359 , 0 , 1 , 9378
