threshold , average , min , max , hits
0.99 , 0.437633612284686 , 0 , 0.99998992382411 , 667
0.98 , 0.431205983953182 , 0 , 0.99998992382411 , 1301
0.95 , 0.386685286043073 , 0 , 1 , 2952
