threshold , average , min , max , hits
0.99 , 0.999891058403793 , 0.97114614875918 , 1 , 300
0.9 , 0.999710571967401 , 0.536631419939577 , 1 , 2999
0.8 , 0.99978188838814 , 0.536631419939577 , 1 , 5999
0.7 , 0.999415852779797 , 0.141454707719768 , 1 , 9000
0.5 , 0.998030242730894 , 0 , 1 , 14992
0.3 , 0.995240856525715 , 0 , 1 , 20951
