threshold , average , min , max , hits
0.99 , 0.588218276999364 , 0 , 1.12130738679829 , 586
0.98 , 0.593270371669898 , 0 , 1.17297309559457 , 1182
0.95 , 0.589602777505328 , 0 , 1.24198341936493 , 2934
