threshold , average , min , max , hits
0.99 , 0.130211295052364 , 0 , 1 , 459
0.98 , 0.131232093252727 , 0 , 1 , 911
0.95 , 0.149904084306934 , 0 , 1 , 2297
