threshold , average , min , max , hits
0.99 , 0.144739823797649 , 0 , 1 , 928
0.98 , 0.150053794714199 , 0 , 1 , 1854
0.95 , 0.171797894149657 , 0 , 1 , 4679
