threshold , average , min , max , hits
0.99 , 0.575361901407207 , 0 , 1.02666723785248 , 574
0.98 , 0.57886703191451 , 0 , 1.02794426320714 , 1155
0.95 , 0.56978321898195 , 0 , 1.03988758662536 , 2841
