threshold , average , min , max , hits
0.99 , -11237661246.0195 , -17238852179215.2 , 1.16224255520292 , 1790
0.98 , -8607048014.40547 , -17929304350162.8 , 1.16224255520292 , 3573
0.95 , -22173187703.8795 , -29626851119609 , 1.33675782689341 , 8956
