threshold , average , min , max , hits
0.99 , 0.90682618143785 , 0 , 1 , 1291
0.98 , 0.823214012597521 , 0 , 1 , 2498
0.95 , 0.662967423703579 , 0 , 1 , 5462
