threshold , average , min , max , hits
0.99 , 0.344322426610704 , 0 , 1 , 2963
0.98 , 0.360192921909797 , 0 , 1 , 5921
0.95 , 0.403619613598157 , 0 , 1 , 14815
