threshold , average , min , max , hits
0.99 , 0.268013875181942 , 0 , 0.999945648038438 , 425
0.98 , 0.257989088432619 , 0 , 0.999945648038438 , 812
0.95 , 0.22309401392845 , 0 , 0.999945648038438 , 1779
