threshold , average , min , max , hits
0.99 , 0.907704047076645 , 0 , 1 , 2973
0.98 , 0.903797256215666 , 0 , 1 , 5939
0.95 , 0.902934690993019 , 0 , 1 , 14850
