threshold , average , min , max , hits
0.99 , 0.868319291467768 , 0 , 1.09007981755986 , 433
0.98 , 0.877443505960897 , 0 , 1.14394161903256 , 875
0.95 , 0.890233383557211 , 0 , 1.26039155174077 , 2218
