threshold , average , min , max , hits
0.99 , 0.913988174684325 , 0 , 1 , 2993
0.98 , 0.907140523568175 , 0 , 1 , 5976
0.95 , 0.888619929147134 , 0 , 1 , 14855
