threshold , average , min , max , hits
0.99 , 0.0986426837988886 , 0 , 1 , 2833
0.98 , 0.102787813966796 , 0 , 1 , 5640
0.95 , 0.125195329527208 , 0 , 1 , 14062
