threshold , average , min , max , hits
0.99 , 0.11082741169871 , 0 , 1.05337140833223 , 221
0.98 , 0.108131075662947 , 0 , 1.09329382318249 , 431
0.95 , 0.110151182874981 , 0 , 1.23473682387377 , 1097
