threshold , average , min , max , hits
0.99 , 0.539026125563462 , 0 , 1 , 1995
0.98 , 0.556807783583375 , 0 , 1 , 3991
0.95 , 0.592364748056066 , 0 , 1 , 9977
