threshold , average , min , max , hits
0.99 , 0.846864227149519 , 0 , 1 , 1273
0.98 , 0.730281882803678 , 0 , 1 , 2328
0.95 , 0.549523124114835 , 0 , 1 , 4886
