threshold , average , min , max , hits
0.99 , 0.115568171880472 , 0 , 1 , 772
0.98 , 0.118315788204696 , 0 , 1 , 1542
0.95 , 0.116166187338682 , 0 , 1 , 3931
