threshold , average , min , max , hits
0.99 , 0.615860828257459 , 0 , 0.998976353772136 , 87
0.9 , 0.470979083451922 , 0 , 1 , 706
0.8 , 0.361198879176077 , 0 , 1 , 1115
0.7 , 0.286779747978909 , 0 , 1 , 1341
0.5 , 0.195328153338456 , 0 , 1 , 1537
0.3 , 0.144618556255995 , 0 , 1 , 1592
