threshold , average , min , max , hits
0.99 , 0.778431673788336 , 0 , 1 , 491
0.98 , 0.788204782457709 , 0 , 1 , 982
0.95 , 0.771577191866559 , 0 , 1 , 2442
