threshold , average , min , max , hits
0.99 , 0.935098245429199 , 0 , 1 , 998
0.98 , 0.93496327005604 , 0 , 1 , 1995
0.95 , 0.922947400035497 , 0 , 1 , 4979
