threshold , average , min , max , hits
0.99 , 0.368323121608981 , 0 , 0.999304879744196 , 237
0.9 , 0.268408685334826 , 0 , 1 , 1748
0.8 , 0.198038416642539 , 0 , 1 , 2591
0.7 , 0.150365715471354 , 0 , 1 , 2999
0.5 , 0.0953989496460296 , 0 , 1 , 3191
0.3 , 0.068821818338377 , 0 , 1 , 3227
