threshold , average , min , max , hits
0.99 , 0.998252049506338 , 0.731456129083145 , 1 , 1000
0.98 , 0.997641392902129 , 0.607211157804982 , 1 , 2000
0.95 , 0.997109122335931 , 0.530603394870524 , 1 , 5000
