threshold , average , min , max , hits
0.99 , 0.95389109544143 , 0 , 1 , 499
0.9 , 0.929426048316059 , 0 , 1 , 4974
0.8 , 0.874789453890675 , 0 , 1 , 9637
0.7 , 0.811281719129555 , 0 , 1 , 13657
0.5 , 0.687477010612733 , 0 , 1 , 19606
0.3 , 0.588374005790396 , 0 , 1 , 23537
