threshold , average , min , max , hits
0.99 , 0.828166891545619 , 0 , 1 , 296
0.9 , 0.7355865310521 , 0 , 1 , 2760
0.8 , 0.641406377969876 , 0 , 1 , 4904
0.7 , 0.551811191370875 , 0 , 1 , 6401
0.5 , 0.419877257924627 , 0 , 1 , 8171
0.3 , 0.335801304646969 , 0 , 1 , 9106
