threshold , average , min , max , hits
0.99 , 1 , 1 , 1 , 100
0.9 , 0.999988326985132 , 0.988338658146965 , 1 , 999
0.8 , 0.999993980307322 , 0.988338658146965 , 1 , 1999
0.7 , 0.999992674939462 , 0.988338658146965 , 1 , 3000
0.5 , 0.999994908099565 , 0.988338658146965 , 1 , 5000
0.3 , 0.999996362928261 , 0.988338658146965 , 1 , 7000
