threshold , average , min , max , hits
0.99 , 0.492656362296665 , 0 , 1 , 2208
0.98 , 0.482794307029711 , 0 , 1 , 4332
0.95 , 0.432926505248345 , 0 , 1 , 9812
