threshold , average , min , max , hits
0.99 , 0.0628386085891155 , 0 , 1.04119737868941 , 188
0.98 , 0.0687412193106841 , 0 , 1.21385058083769 , 411
0.95 , 0.0679527374688651 , 0 , 1.23086239118674 , 1014
