threshold , average , min , max , hits
0.99 , 0.933348454220144 , 0 , 1 , 2961
0.98 , 0.927325676742761 , 0 , 1 , 5913
0.95 , 0.92498812276142 , 0 , 1 , 14779
