threshold , average , min , max , hits
0.99 , 0.167456230872258 , 0 , 1.03382203912584 , 334
0.98 , 0.168734880666697 , 0 , 1.03382203912584 , 673
0.95 , 0.167682768447656 , 0 , 1.05584799437016 , 1671
