threshold , average , min , max , hits
0.99 , 0.955551290215753 , 0 , 1.0147260464857 , 1909
0.98 , 0.959123217031002 , 0 , 1.0147260464857 , 3832
0.95 , 0.958325340005524 , 0 , 1.02284811792577 , 9569
