threshold , average , min , max , hits
0.99 , 1 , 1 , 1 , 100
0.9 , 1 , 1 , 1 , 999
0.8 , 1 , 1 , 1 , 1999
0.7 , 0.99999943019943 , 0.998290598290598 , 1 , 3000
0.5 , 0.999999658119658 , 0.998290598290598 , 1 , 5000
0.3 , 0.999999755799756 , 0.998290598290598 , 1 , 7000
