threshold , average , min , max , hits
0.99 , 0.546034811693082 , 0 , 1 , 1870
0.98 , 0.551378825993825 , 0 , 1 , 3752
0.95 , 0.550288123006567 , 0 , 1 , 9367
