threshold , average , min , max , hits
0.99 , 0.635353054515425 , 0 , 1 , 918
0.98 , 0.62968394498192 , 0 , 1 , 1832
0.95 , 0.633355917876858 , 0 , 1 , 4578
