threshold , average , min , max , hits
0.99 , 0.336758194323249 , 0 , 0.998910279694878 , 104
0.9 , 0.255720659238668 , 0 , 0.999634725435286 , 822
0.8 , 0.185376830794415 , 0 , 0.999634725435286 , 1233
0.7 , 0.145024824212765 , 0 , 0.999634725435286 , 1460
0.5 , 0.0943057393390652 , 0 , 1 , 1589
0.3 , 0.0680456282980454 , 0 , 1 , 1613
