threshold , average , min , max , hits
0.99 , 0.16477874632482 , 0 , 0.996946564885496 , 30
0.9 , 0.10451730414001 , 0 , 0.997956150130063 , 177
0.8 , 0.0724806982389195 , 0 , 0.997956150130063 , 249
0.7 , 0.0573257461817634 , 0 , 0.997956150130063 , 295
0.5 , 0.0378653687610743 , 0 , 1 , 329
0.3 , 0.0271600405030977 , 0 , 1 , 331
