threshold , average , min , max , hits
0.99 , 0.548702804167618 , 0 , 1 , 979
0.98 , 0.397583872874031 , 0 , 1 , 1539
0.95 , 0.230889160833315 , 0 , 1 , 2427
