threshold , average , min , max , hits
0.99 , 0.977813472676933 , 0.682878438522173 , 1 , 200
0.9 , 0.957991602209222 , 0 , 1 , 1996
0.8 , 0.937136052940407 , 0 , 1 , 3953
0.7 , 0.897068227675404 , 0 , 1 , 5771
0.5 , 0.804411215808178 , 0 , 1 , 8827
0.3 , 0.716671310902872 , 0 , 1 , 11094
