threshold , average , min , max , hits
0.99 , 0.949661492572796 , 0 , 1 , 1291
0.98 , 0.89870853921746 , 0 , 1 , 2576
0.95 , 0.784224488562916 , 0 , 1 , 6096
