threshold , average , min , max , hits
0.99 , 0.98564703043625 , 0 , 1.11132792010239 , 492
0.98 , 0.986445589169689 , 0 , 1.11132792010239 , 985
0.95 , 0.990163219522191 , 0 , 1.2236508864212 , 2471
