threshold , average , min , max , hits
0.99 , 0.581741485819928 , 0 , 1 , 475
0.98 , 0.595527327668628 , 0 , 1 , 952
0.95 , 0.575784404270715 , 0 , 1 , 2355
