threshold , average , min , max , hits
0.99 , 0.332693628015658 , 0 , 1.02531839133189 , 166
0.98 , 0.313777349124715 , 0 , 1.02548403111038 , 313
0.95 , 0.323410932790789 , 0 , 1.04222200283016 , 806
