threshold , average , min , max , hits
0.99 , 0.350133869831528 , 0 , 0.99994074556888 , 1621
0.98 , 0.333916047988327 , 0 , 1 , 3106
0.95 , 0.300807381044601 , 0 , 1 , 7033
