threshold , average , min , max , hits
0.99 , 0.0295159659331264 , 0 , 1.14344917924184 , 88
0.98 , 0.0299749580614898 , 0 , 1.14344917924184 , 179
0.95 , 0.0292790007978602 , 0 , 1.24520342478595 , 437
