threshold , average , min , max , hits
0.99 , 0.253734011307967 , 0 , 1.04820673087144 , 253
0.98 , 0.248361114385743 , 0 , 1.16008051954276 , 495
0.95 , 0.228716206805176 , 0 , 1.16008051954276 , 1139
