threshold , average , min , max , hits
0.99 , 0.199931629176339 , 0 , 0.999512704249495 , 971
0.98 , 0.185368378832829 , 0 , 0.99996135026707 , 1815
0.95 , 0.165701884296217 , 0 , 0.99996135026707 , 4093
