threshold , average , min , max , hits
0.99 , 0.625826593503791 , 0 , 1 , 1725
0.98 , 0.604765729598487 , 0 , 1 , 3395
0.95 , 0.562002086345813 , 0 , 1 , 7962
