threshold , average , min , max , hits
0.99 , 0.949829892480609 , 0 , 1 , 2986
0.98 , 0.950307170504632 , 0 , 1 , 5968
0.95 , 0.951983676187726 , 0 , 1 , 14926
