threshold , average , min , max , hits
0.99 , 0.267882515754566 , 0 , 0.999758153320503 , 841
0.98 , 0.255300142110114 , 0 , 0.999975400661722 , 1633
0.95 , 0.230544212886767 , 0 , 0.999975400661722 , 3722
