threshold , average , min , max , hits
0.99 , 0.759008736793575 , 0 , 1 , 2872
0.98 , 0.755187200601033 , 0 , 1 , 5699
0.95 , 0.749716702058996 , 0 , 1 , 14229
