threshold , average , min , max , hits
0.99 , 0.685732556284115 , 0 , 1 , 916
0.98 , 0.68034223154318 , 0 , 1 , 1824
0.95 , 0.636032374888181 , 0 , 1 , 4344
