threshold , average , min , max , hits
0.99 , 1 , 1 , 1 , 200
0.9 , 1 , 1 , 1 , 1999
0.8 , 0.999999957909019 , 0.999831678168658 , 1 , 3999
0.7 , 0.999999607727247 , 0.997814685314685 , 1 , 6000
0.5 , 0.999993575266997 , 0.942505133470226 , 1 , 10000
0.3 , 0.999995410904998 , 0.942505133470226 , 1 , 14000
