threshold , average , min , max , hits
0.99 , 0.602983374519257 , 0 , 1.02260017175293 , 301
0.98 , 0.602345013241681 , 0 , 1.02260017175293 , 601
0.95 , 0.608364272352619 , 0 , 1.04149928508205 , 1517
