threshold , average , min , max , hits
0.99 , 0.506141993753202 , 0 , 1 , 2992
0.98 , 0.513624785015399 , 0 , 1 , 5989
0.95 , 0.561650605090344 , 0 , 1 , 14969
