threshold , average , min , max , hits
0.99 , 0.892991703463517 , 0 , 1 , 974
0.98 , 0.896056416431653 , 0 , 1 , 1955
0.95 , 0.898700968856688 , 0 , 1 , 4881
