threshold , average , min , max , hits
0.99 , 0.999999703419939 , 0.999892426850258 , 1 , 500
0.9 , 0.999980058875099 , 0.975107097371773 , 1 , 4999
0.8 , 0.99991303413677 , 0.31740614334471 , 1 , 9999
0.7 , 0.999930706946256 , 0.31740614334471 , 1 , 15000
0.5 , 0.999800549255677 , 0 , 1 , 24999
0.3 , 0.999322352699702 , 0 , 1 , 34989
