threshold , average , min , max , hits
0.99 , 0.999999883576077 , 0.999965072823164 , 1 , 300
0.9 , 0.999991738375843 , 0.979836867862969 , 1 , 2999
0.8 , 0.999988958548578 , 0.973778094898323 , 1 , 5999
0.7 , 0.999986832541375 , 0.973778094898323 , 1 , 9000
0.5 , 0.999846125153197 , 0.0922222222222222 , 1 , 15000
0.3 , 0.999509397972603 , 0 , 1 , 20995
