threshold , average , min , max , hits
0.99 , 0.793890177442105 , 0 , 1 , 2936
0.98 , 0.777985479314402 , 0 , 1 , 5813
0.95 , 0.743148409288053 , 0 , 1 , 14148
