threshold , average , min , max , hits
0.99 , 0.78852212125907 , 0 , 1 , 1940
0.98 , 0.775141598196643 , 0 , 1 , 3848
0.95 , 0.738136335508754 , 0 , 1 , 9395
