threshold , average , min , max , hits
0.99 , 0.043148213920383 , 0 , 1.03476313753496 , 129
0.98 , 0.0459673351211543 , 0 , 1.03476313753496 , 275
0.95 , 0.0491695187139748 , 0 , 1.05042536502956 , 735
