threshold , average , min , max , hits
0.99 , 0.670455859705832 , 0 , 1 , 1920
0.98 , 0.672517919089134 , 0 , 1 , 3841
0.95 , 0.672168142278844 , 0 , 1 , 9587
