threshold , average , min , max , hits
0.99 , 0.910757696858212 , 0.325398835148139 , 1 , 200
0.9 , 0.842706093512023 , 0 , 1 , 1948
0.8 , 0.775539045859044 , 0 , 1 , 3673
0.7 , 0.693664390362387 , 0 , 1 , 5019
0.5 , 0.559092226363913 , 0 , 1 , 6798
0.3 , 0.462462757490328 , 0 , 1 , 7847
