threshold , average , min , max , hits
0.99 , 0.954675281152366 , 0 , 1 , 1999
0.98 , 0.949602647740948 , 0 , 1 , 3997
0.95 , 0.937984577417025 , 0 , 1 , 9985
