threshold , average , min , max , hits
0.99 , 0.518137258106379 , 0 , 0.999946814168705 , 303
0.9 , 0.426581396185116 , 0 , 1 , 2494
0.8 , 0.328461759776295 , 0 , 1 , 3977
0.7 , 0.256816983156219 , 0 , 1 , 4723
0.5 , 0.168533671385148 , 0 , 1 , 5245
0.3 , 0.122590388199325 , 0 , 1 , 5350
