threshold , average , min , max , hits
0.99 , 0.856245039746775 , 0 , 1 , 1968
0.98 , 0.857158031591708 , 0 , 1 , 3939
0.95 , 0.856810705381874 , 0 , 1 , 9836
