threshold , average , min , max , hits
0.99 , 0.367096602959322 , 0 , 1 , 440
0.98 , 0.379145009616733 , 0 , 1 , 898
0.95 , 0.361272767718275 , 0 , 1 , 2229
