threshold , average , min , max , hits
0.99 , 0.373088225668923 , 0 , 1 , 1977
0.98 , 0.390287374929072 , 0 , 1 , 3957
0.95 , 0.435213881328654 , 0 , 1 , 9913
