threshold , average , min , max , hits
0.99 , 0.968360507049685 , 0.449261696063093 , 1 , 500
0.9 , 0.941635013313956 , 0 , 1 , 4984
0.8 , 0.893127954362288 , 0 , 1 , 9760
0.7 , 0.830846087230753 , 0 , 1 , 14017
0.5 , 0.686784680911301 , 0 , 1 , 19915
0.3 , 0.563299488514202 , 0 , 1 , 23109
