threshold , average , min , max , hits
0.99 , 0.616031623900253 , 0 , 1 , 851
0.98 , 0.603152124406223 , 0 , 1 , 1685
0.95 , 0.553059396631073 , 0 , 1 , 3959
