threshold , average , min , max , hits
0.99 , 0.111266411590429 , 0 , 1 , 1869
0.98 , 0.119704067613042 , 0 , 1 , 3737
0.95 , 0.141435191363111 , 0 , 1 , 9303
