threshold , average , min , max , hits
0.99 , 0.997725901986805 , 0.167941027374113 , 1 , 500
0.98 , 0.997975916495523 , 0.167941027374113 , 1 , 1000
0.95 , 0.99758807195791 , 0.167941027374113 , 1 , 2500
