threshold , average , min , max , hits
0.99 , 0.999982250595075 , 0.997972945021305 , 1 , 500
0.98 , 0.999937081425954 , 0.969819321949789 , 1 , 1000
0.95 , 0.999851370983069 , 0.808286582881499 , 1 , 2500
