threshold , average , min , max , hits
0.99 , 0.25272085751225 , 0 , 1 , 1572
0.98 , 0.250026334285944 , 0 , 1 , 3114
0.95 , 0.250446923189427 , 0 , 1 , 7780
