threshold , average , min , max , hits
0.99 , 0.996571970805543 , 0 , 1.00832588049913 , 996
0.98 , 0.997123967873541 , 0 , 1.00889310562935 , 1993
0.95 , 0.996733194891139 , 0 , 1.01119307599606 , 4980
