threshold , average , min , max , hits
0.99 , 0.145400436364445 , 0 , 1.02947023001925 , 145
0.98 , 0.153990579996383 , 0 , 1.03230428395983 , 307
0.95 , 0.147542968851752 , 0 , 1.04742477553992 , 735
