threshold , average , min , max , hits
0.99 , 0.707596964239271 , 0 , 1 , 1146
0.98 , 0.565278548037094 , 0 , 1 , 1985
0.95 , 0.374395705435674 , 0 , 1 , 3674
