threshold , average , min , max , hits
0.99 , 0.154464180623926 , 0 , 0.999614144835687 , 800
0.98 , 0.152089385248644 , 0 , 0.999614144835687 , 1578
0.95 , 0.129198358208121 , 0 , 0.999877433456581 , 3355
