threshold , average , min , max , hits
0.99 , 0.83122130726827 , 0 , 1 , 494
0.98 , 0.81846482660804 , 0 , 1 , 985
0.95 , 0.781370397302104 , 0 , 1 , 2404
