threshold , average , min , max , hits
0.99 , 0.999935376428042 , 0.991858150895603 , 1 , 400
0.9 , 0.999802062173902 , 0.897021152016395 , 1 , 3999
0.8 , 0.999571900069351 , 0.209024552090246 , 1 , 7999
0.7 , 0.998718426688413 , 0 , 1 , 11996
0.5 , 0.996906365593647 , 0 , 1 , 19974
0.3 , 0.992579966839122 , 0 , 1 , 27883
