threshold , average , min , max , hits
0.99 , 0.57646121775023 , 0 , 1 , 931
0.98 , 0.582840260856606 , 0 , 1 , 1876
0.95 , 0.590597150881285 , 0 , 1 , 4703
