threshold , average , min , max , hits
0.99 , 1.0005563186854 , 1 , 1.07817992032891 , 500
0.98 , 1.00057350236972 , 1 , 1.11661786928598 , 1000
0.95 , 1.00066029986796 , 1 , 1.15575272446716 , 2500
