threshold , average , min , max , hits
0.99 , 0.81131007612664 , 0 , 1 , 2948
0.98 , 0.805197914862916 , 0 , 1 , 5874
0.95 , 0.764380694950983 , 0 , 1 , 14340
