threshold , average , min , max , hits
0.99 , 0.148926905393441 , 0 , 1 , 1460
0.98 , 0.149084182620417 , 0 , 1 , 2895
0.95 , 0.14971521430359 , 0 , 1 , 7234
