threshold , average , min , max , hits
0.99 , 0.865263988468336 , 0 , 1 , 2973
0.98 , 0.857664610639441 , 0 , 1 , 5928
0.95 , 0.830923066968422 , 0 , 1 , 14624
