threshold , average , min , max , hits
0.99 , 0.038116292058478 , 0 , 1.03501665657177 , 76
0.98 , 0.036614451827289 , 0 , 1.03501665657177 , 146
0.95 , 0.0380360391012881 , 0 , 1.04288011434697 , 379
