threshold , average , min , max , hits
0.99 , 0.106128565837352 , 0 , 0.999625277795298 , 554
0.98 , 0.0959089080363639 , 0 , 0.999740551392091 , 1016
0.95 , 0.0858139977254547 , 0 , 0.999740551392091 , 2225
