threshold , average , min , max , hits
0.99 , 0.0573171358260961 , 0 , 1 , 872
0.98 , 0.0617290391774452 , 0 , 1 , 1762
0.95 , 0.0751235065901597 , 0 , 1 , 4425
