threshold , average , min , max , hits
0.99 , 0.186179429988452 , 0 , 1 , 812
0.98 , 0.182804896410898 , 0 , 1 , 1625
0.95 , 0.181323151873296 , 0 , 1 , 4151
