threshold , average , min , max , hits
0.99 , 0.727521392760628 , 0 , 1 , 188
0.9 , 0.636886463574793 , 0 , 1 , 1696
0.8 , 0.539648759349651 , 0 , 1 , 2910
0.7 , 0.456434636394726 , 0 , 1 , 3734
0.5 , 0.333401128379172 , 0 , 1 , 4561
0.3 , 0.256220129594064 , 0 , 1 , 4917
