threshold , average , min , max , hits
0.99 , 0.570480331956921 , 0 , 1 , 1007
0.98 , 0.435196055434705 , 0 , 1 , 1641
0.95 , 0.267569867729085 , 0 , 1 , 2768
