threshold , average , min , max , hits
0.99 , 0.0596285995115322 , 0 , 0.999820788530466 , 46
0.9 , 0.0428645711363114 , 0 , 0.999820788530466 , 315
0.8 , 0.0308570909631733 , 0 , 0.999820788530466 , 452
0.7 , 0.0228823720970144 , 0 , 0.999820788530466 , 508
0.5 , 0.0143468741175525 , 0 , 0.999820788530466 , 531
0.3 , 0.0102953612090083 , 0 , 0.999820788530466 , 534
