threshold , average , min , max , hits
0.99 , 0.0472529078222602 , 0 , 1.15221084434966 , 94
0.98 , 0.0467064967478136 , 0 , 1.15221084434966 , 186
0.95 , 0.0475297179046465 , 0 , 1.20436045529773 , 473
