threshold , average , min , max , hits
0.99 , 0.995357090965669 , 0.611917261654767 , 1 , 1000
0.98 , 0.994067863595707 , 0.358438318573032 , 1 , 2000
0.95 , 0.993693288401084 , 0.0369272851607021 , 1 , 5000
