threshold , average , min , max , hits
0.99 , 0.999708593083663 , 0.984256081181913 , 1 , 300
0.9 , 0.998922155214654 , 0.595892126575937 , 1 , 2999
0.8 , 0.998119492225795 , 0 , 1 , 5998
0.7 , 0.996085238105778 , 0 , 1 , 8990
0.5 , 0.988850792142572 , 0 , 1 , 14925
0.3 , 0.976147358094867 , 0 , 1 , 20694
