threshold , average , min , max , hits
0.99 , 0.998589394710579 , 0.875577557755776 , 1 , 300
0.9 , 0.998149502730949 , 0.528933011358555 , 1 , 2999
0.8 , 0.996513623140132 , 0 , 1 , 5997
0.7 , 0.99283254806882 , 0 , 1 , 8983
0.5 , 0.980753933917814 , 0 , 1 , 14869
0.3 , 0.95848770313975 , 0 , 1 , 20484
