threshold , average , min , max , hits
0.99 , 0.991663439091854 , 0.50077190682133 , 1 , 2000
0.98 , 0.990255979737969 , 0.319189076063549 , 1 , 4000
0.95 , 0.987320996985185 , 0 , 1 , 9997
