threshold , average , min , max , hits
0.99 , 0.757611139632198 , 0 , 1.02226553714671 , 756
0.98 , 0.750660393970485 , 0 , 1.02622390891841 , 1498
0.95 , 0.76069259305786 , 0 , 1.03288075457116 , 3794
