threshold , average , min , max , hits
0.99 , 1.00057527178691 , 1 , 1.05963340970631 , 500
0.98 , 1.00054328755675 , 1 , 1.08957795004307 , 1000
0.95 , 1.0005530353853 , 1 , 1.12338058957791 , 2500
