threshold , average , min , max , hits
0.99 , 0.942956955422409 , 0 , 1 , 2997
0.98 , 0.940069921472903 , 0 , 1 , 5991
0.95 , 0.927065094417256 , 0 , 1 , 14957
