threshold , average , min , max , hits
0.99 , 0.20172791446977 , 0 , 1.09898235571127 , 603
0.98 , 0.204869711730763 , 0 , 1.1406642757649 , 1225
0.95 , 0.206159708962132 , 0 , 1.24832598674249 , 3078
