threshold , average , min , max , hits
0.99 , 0.999627143863524 , 0.894280797246458 , 1 , 500
0.98 , 0.999674144597493 , 0.894280797246458 , 1 , 1000
0.95 , 0.999518286627951 , 0.894280797246458 , 1 , 2500
