threshold , average , min , max , hits
0.99 , 0.300826912507107 , 0 , 1.03011312740197 , 900
0.98 , 0.299835422286963 , 0 , 1.03500317003376 , 1794
0.95 , 0.299017595931798 , 0 , 1.05016958643818 , 4471
