threshold , average , min , max , hits
0.99 , 0.994091909365513 , 0.660599835661463 , 1 , 500
0.98 , 0.994706778218074 , 0.660599835661463 , 1 , 1000
0.95 , 0.994089661784218 , 0.265465399676863 , 1 , 2500
