threshold , average , min , max , hits
0.99 , 0.0989783871586651 , 0 , 1.02811918954391 , 296
0.98 , 0.105476908713386 , 0 , 1.03234208312365 , 631
0.95 , 0.106883346556642 , 0 , 1.05416501873929 , 1598
