threshold , average , min , max , hits
0.99 , 0.534290159548726 , 0 , 1 , 2330
0.98 , 0.509321758130738 , 0 , 1 , 4490
0.95 , 0.464159423490756 , 0 , 1 , 10303
