threshold , average , min , max , hits
0.99 , 0.766690233515719 , 0 , 1 , 2929
0.98 , 0.765573053952549 , 0 , 1 , 5852
0.95 , 0.764527731569904 , 0 , 1 , 14628
