threshold , average , min , max , hits
0.99 , 0.201487991710734 , 0 , 1 , 2880
0.98 , 0.216566785948868 , 0 , 1 , 5790
0.95 , 0.252692842176213 , 0 , 1 , 14462
