threshold , average , min , max , hits
0.99 , 0.810318577711217 , 0 , 1 , 955
0.98 , 0.806131616604487 , 0 , 1 , 1913
0.95 , 0.807786082949655 , 0 , 1 , 4783
