threshold , average , min , max , hits
0.99 , 0.851790029578407 , 0 , 1 , 99
0.9 , 0.758674196669873 , 0 , 1 , 956
0.8 , 0.636482634792077 , 0 , 1 , 1693
0.7 , 0.531144804386277 , 0 , 1 , 2198
0.5 , 0.383580422766959 , 0 , 1 , 2668
0.3 , 0.291000075554914 , 0 , 1 , 2834
