threshold , average , min , max , hits
0.99 , 0.793777815283082 , 0 , 1 , 491
0.9 , 0.690481577959904 , 0 , 1 , 4559
0.8 , 0.563537469618306 , 0 , 1 , 7786
0.7 , 0.456532040936007 , 0 , 1 , 9698
0.5 , 0.313924362184315 , 0 , 1 , 11233
0.3 , 0.235044598526699 , 0 , 1 , 11772
