threshold , average , min , max , hits
0.99 , 0.740894336483982 , 0 , 1 , 1205
0.98 , 0.607252247306799 , 0 , 1 , 2083
0.95 , 0.429853147735273 , 0 , 1 , 4044
