threshold , average , min , max , hits
0.99 , 0.998344651228438 , 0.9543457595766 , 1 , 400
0.9 , 0.995992984523356 , 0.360603029436982 , 1 , 3999
0.8 , 0.991204037403135 , 0 , 1 , 7993
0.7 , 0.982956928223108 , 0 , 1 , 11958
0.5 , 0.954600713603556 , 0 , 1 , 19596
0.3 , 0.909612506776295 , 0 , 1 , 26436
