threshold , average , min , max , hits
0.99 , 0.883874976342961 , 0 , 1 , 496
0.9 , 0.802625425871504 , 0 , 1 , 4758
0.8 , 0.707353393211324 , 0 , 1 , 8679
0.7 , 0.619782855565843 , 0 , 1 , 11541
0.5 , 0.488345299452345 , 0 , 1 , 15176
0.3 , 0.396040863124932 , 0 , 1 , 17198
