threshold , average , min , max , hits
0.99 , 0.972079337615697 , 0 , 1.14761277156583 , 970
0.98 , 0.972602539015924 , 0 , 1.14761277156583 , 1941
0.95 , 0.975571928543875 , 0 , 1.18836574725829 , 4866
