threshold , average , min , max , hits
0.99 , 1 , 1 , 1 , 400
0.9 , 0.999995377755538 , 0.987712572495822 , 1 , 3999
0.8 , 0.999995407331987 , 0.987712572495822 , 1 , 7999
0.7 , 0.999923918374723 , 0.443298969072165 , 1 , 12000
0.5 , 0.999827583533256 , 0 , 1 , 19999
0.3 , 0.999593891928913 , 0 , 1 , 27994
