threshold , average , min , max , hits
0.99 , 0.879147377572733 , 0 , 1 , 496
0.98 , 0.888112703131805 , 0 , 1 , 993
0.95 , 0.886616994641438 , 0 , 1 , 2476
