threshold , average , min , max , hits
0.99 , 1 , 1 , 1 , 200
0.9 , 0.999998433263201 , 0.996988162779295 , 1 , 1999
0.8 , 0.999994544773259 , 0.981675392670157 , 1 , 3999
0.7 , 0.999995905270547 , 0.981675392670157 , 1 , 6000
0.5 , 0.999996413751909 , 0.981675392670157 , 1 , 10000
0.3 , 0.999981512195864 , 0.878048780487805 , 1 , 14000
