threshold , average , min , max , hits
0.99 , 0.57951598210262 , 0 , 1 , 497
0.98 , 0.572799129036695 , 0 , 1 , 996
0.95 , 0.62145710734369 , 0 , 1 , 2494
