threshold , average , min , max , hits
0.99 , 0.456571015633707 , 0 , 1 , 1377
0.98 , 0.44604386695426 , 0 , 1 , 2690
0.95 , 0.405775737126328 , 0 , 1 , 6149
