threshold , average , min , max , hits
0.99 , 0.65882685395727 , 0 , 1 , 2704
0.98 , 0.642642735042352 , 0 , 1 , 5312
0.95 , 0.597004762512333 , 0 , 1 , 12543
