threshold , average , min , max , hits
0.99 , 0.387752192001642 , 0 , 0.999972535923013 , 1231
0.98 , 0.372784821852108 , 0 , 1 , 2366
0.95 , 0.336870980545371 , 0 , 1 , 5338
