threshold , average , min , max , hits
0.99 , 0.316077889615893 , 0 , 1 , 2481
0.98 , 0.318664264695249 , 0 , 1 , 4920
0.95 , 0.314283020104681 , 0 , 1 , 12275
