threshold , average , min , max , hits
0.99 , 0.376349556426481 , 0 , 1 , 1681
0.98 , 0.371805413737102 , 0 , 1 , 3331
0.95 , 0.371888278680994 , 0 , 1 , 8314
