threshold , average , min , max , hits
0.99 , 0.586335194005399 , 0 , 1 , 2850
0.98 , 0.581708415042839 , 0 , 1 , 5685
0.95 , 0.579941931308695 , 0 , 1 , 14217
