threshold , average , min , max , hits
0.99 , 0.0548757965929663 , 0 , 0.996729643593643 , 47
0.9 , 0.0359320862029626 , 0 , 0.998428617645699 , 320
0.8 , 0.0249074271479318 , 0 , 0.998428617645699 , 453
0.7 , 0.0189815322300599 , 0 , 0.998428617645699 , 517
0.5 , 0.01178123232321 , 0 , 0.998428617645699 , 535
0.3 , 0.00841516594515 , 0 , 0.998428617645699 , 535
