threshold , average , min , max , hits
0.99 , 0.0877911235482349 , 0 , 1 , 1341
0.98 , 0.0828502495358172 , 0 , 1 , 2669
0.95 , 0.0828740716543789 , 0 , 1 , 6661
