threshold , average , min , max , hits
0.99 , 1.00000654978569 , 1 , 1.00024424994911 , 500
0.98 , 1.00000686587897 , 1 , 1.00029748624126 , 1000
0.95 , 1.00000792993819 , 1 , 1.00037172208705 , 2500
