threshold , average , min , max , hits
0.99 , 0.937333300101374 , 0 , 1 , 2997
0.98 , 0.932404505192272 , 0 , 1 , 5987
0.95 , 0.919075985042435 , 0 , 1 , 14922
