threshold , average , min , max , hits
0.99 , 0.336970515032231 , 0 , 1.03175972062519 , 336
0.98 , 0.34303121974946 , 0 , 1.03484479427893 , 684
0.95 , 0.32804794168403 , 0 , 1.04993974363656 , 1635
