threshold , average , min , max , hits
0.99 , 0.404545179732511 , 0 , 1 , 496
0.98 , 0.420636937057004 , 0 , 1 , 995
0.95 , 0.454603895000188 , 0 , 1 , 2482
