threshold , average , min , max , hits
0.99 , 0.328785484178085 , 0 , 1 , 1974
0.98 , 0.348827455849302 , 0 , 1 , 3939
0.95 , 0.393071573492324 , 0 , 1 , 9848
