threshold , average , min , max , hits
0.99 , 0.443806933832371 , 0 , 1.16765257238075 , 221
0.98 , 0.422753742601648 , 0 , 1.16765257238075 , 421
0.95 , 0.447528913467498 , 0 , 1.16765257238075 , 1113
