threshold , average , min , max , hits
0.99 , 0.580333749180294 , 0 , 1 , 411
0.98 , 0.574184438579937 , 0 , 1 , 808
0.95 , 0.540562063081954 , 0 , 1 , 1929
