threshold , average , min , max , hits
0.99 , 0.89456955308568 , 0 , 1 , 1992
0.98 , 0.881559623888638 , 0 , 1 , 3970
0.95 , 0.858812646739794 , 0 , 1 , 9835
