threshold , average , min , max , hits
0.99 , 0.738457710873623 , 0 , 1.13375157470396 , 1472
0.98 , 0.741746504956458 , 0 , 1.13375157470396 , 2956
0.95 , 0.737008709886613 , 0 , 1.2884231373576 , 7337
