threshold , average , min , max , hits
0.99 , 0.979832091880238 , 0.235279832211061 , 1 , 500
0.98 , 0.979220361358346 , 0.235279832211061 , 1 , 1000
0.95 , 0.976259836313846 , 0.235279832211061 , 1 , 2500
