threshold , average , min , max , hits
0.99 , 0.969684269957701 , 0 , 1 , 399
0.9 , 0.954394721017684 , 0 , 1 , 3983
0.8 , 0.917195891366135 , 0 , 1 , 7838
0.7 , 0.871964237198395 , 0 , 1 , 11373
0.5 , 0.765088308066147 , 0 , 1 , 16966
0.3 , 0.668536419619252 , 0 , 1 , 20868
