threshold , average , min , max , hits
0.99 , 0.721628434344063 , 0 , 1 , 962
0.98 , 0.730290044911135 , 0 , 1 , 1931
0.95 , 0.7431712226365 , 0 , 1 , 4837
