threshold , average , min , max , hits
0.99 , 0.863862068234856 , 0 , 1 , 994
0.98 , 0.858225102510209 , 0 , 1 , 1981
0.95 , 0.82779963815178 , 0 , 1 , 4883
