threshold , average , min , max , hits
0.99 , 0.385321190090498 , 0 , 1 , 991
0.98 , 0.400789527242837 , 0 , 1 , 1980
0.95 , 0.44582008766239 , 0 , 1 , 4953
