threshold , average , min , max , hits
0.99 , 0.0336964666690995 , 0 , 1 , 812
0.98 , 0.0339384914226091 , 0 , 1 , 1619
0.95 , 0.038236595415785 , 0 , 1 , 4104
