threshold , average , min , max , hits
0.99 , 0.608380208010168 , 0 , 1.05458004018754 , 1213
0.98 , 0.613805711670789 , 0 , 1.15679189393987 , 2446
0.95 , 0.611286852814784 , 0 , 1.19246920214142 , 6084
