threshold , average , min , max , hits
0.99 , 1.0000004662605 , 1 , 1.00004070832485 , 500
0.98 , 1.00000053726206 , 1 , 1.00004958104021 , 1000
0.95 , 1.0000006133674 , 1 , 1.00006758583401 , 2500
