threshold , average , min , max , hits
0.99 , 1.00004816389908 , 1 , 1.00122439419105 , 1000
0.98 , 1.00005190107925 , 1 , 1.00130297280202 , 2000
0.95 , 1.00006083887437 , 1 , 1.00175576567844 , 5000
