threshold , average , min , max , hits
0.99 , 0.961795958448911 , 0 , 1 , 1999
0.98 , 0.955396031159846 , 0 , 1 , 3996
0.95 , 0.945950348927103 , 0 , 1 , 9977
