threshold , average , min , max , hits
0.99 , 0.0962841956773258 , 0 , 1.02399948937257 , 48
0.98 , 0.0833143698675653 , 0 , 1.04487982126636 , 83
0.95 , 0.0831042542987777 , 0 , 1.05947523800046 , 207
