threshold , average , min , max , hits
0.99 , 0.894919495627196 , 0 , 1.01912379466028 , 1787
0.98 , 0.898507156696007 , 0 , 1.02051951208592 , 3588
0.95 , 0.898948933420743 , 0 , 1.02923576379749 , 8971
