threshold , average , min , max , hits
0.99 , 0.0854834972159033 , 0 , 1 , 2739
0.98 , 0.0910973880790637 , 0 , 1 , 5499
0.95 , 0.113260441505156 , 0 , 1 , 13780
