threshold , average , min , max , hits
0.99 , 0.23527104007916 , 0 , 1 , 2346
0.98 , 0.237671645183918 , 0 , 1 , 4694
0.95 , 0.230526787219296 , 0 , 1 , 11718
