threshold , average , min , max , hits
0.99 , 0.163410167081146 , 0 , 1 , 951
0.98 , 0.173088103426623 , 0 , 1 , 1909
0.95 , 0.203260792913938 , 0 , 1 , 4764
