threshold , average , min , max , hits
0.99 , 0.459921334843237 , 0 , 1 , 897
0.98 , 0.314883919785529 , 0 , 1 , 1335
0.95 , 0.162716115742029 , 0 , 1 , 1890
